EP;WLB
Lebensmittel - Snacks - Frucht- und Nussriegel;Nuss- und Fruchtriegel
Lebensmittel - Snacks - Nüsse und Trockenfrüchte;Nüsse
Lebensmittel - Snacks - Confiserie;Confiserie
Lebensmittel - Mahlzeit - Zucker;Zucker
Lebensmittel - Tee - Kräutertee;Kräuter- und Früchtetee
Kaffee - Kaffee - Instantgetränke (7% Mwst.);Instantkaffee
Lebensmittel - Mahlzeit - Kräuter und Gewürze;Gewürze und Kräuter
Handwerk - Alles für Kiddies - Kinderzimmer;Spielzeug
Handwerk - Alles für Kiddies - Babytragetücher;Kleidung Kinder
Handwerk - Wellness-Artikel - Badezimmerzubehör;Kosmetik, Bad und Wellness
Handwerk - Alles für Kiddies - Spieltiere und Puppen;Spielzeug
Handwerk - Taschen und Körbe - Taschen aus BW oder Jute;Taschen
Handwerk - Für Körper und Seele - Kerzenhalter und Freundeskreis;Kerzen und Räucherwerk
Handwerk - Tisch und Küche - Gläser;Geschirr und Glaswaren
Handwerk - Tisch und Küche - Tischwäsche;Haushalt und Garten
Handwerk - Tisch und Küche - Sonstiges Tisch und Küche;Haushalt und Garten
Handwerk - Papeterie - Grußkarten und Briefpapier;Grußkarten
Handwerk - Fair Fashion - Tücher und Schals;Textile Accessoires
Handwerk - Wohnideen - Kleindeko;Dekoartikel
Kaffee - Kaffee - Röstkaffee;Kaffee
Kaffee - Kaffee - Rohstoffe;Kaffee
Handwerk - Verpackung - Verpackung;Ergänzungsprodukte
Handwerk - Taschen und Körbe - Artikel aus Rindsleder;Lederwaren
Handwerk - Tisch und Küche - Haushaltskörbe;Körbe
Handwerk - Wohnideen - für Blumen;Haushalt und Garten
Handwerk - Papeterie - Geschenkverpackung;Geschenkverpackung
Handwerk - Verpackung - Taschen aus BW oder Jute;Taschen
Handwerk - Taschen und Körbe - Einkaufstaschen und Tragekörbe;Taschen
Handwerk - Fair Fashion - Schuhe;Schuhe
Handwerk - Schmuck - Sonstiger Schmuck;Schmuck
Handwerk - Wohnideen - Kleinmöbel;Haushalt und Garten
Handwerk - Wohnideen - Hängedekoration;Dekoartikel
Handwerk - Papeterie - Notizbücher und -blöcke;Notizbücher und Fotoalben
Handwerk - Wohnideen - Bilder;Dekoartikel
Handwerk - Papeterie - Dekoration;Dekoartikel
Handwerk - Musik und Instrumente - Blasinstrumente;Musikinstrumente
Handwerk - Tisch und Küche - Geschirr;Geschirr und Glaswaren
Handwerk - Taschen und Körbe - Schlüsseltaschen und -ringe;Sonstiges Kunsthandwerk
Lebensmittel - Tee - Rohstoffe;Tee
Lebensmittel - Snacks - Schokolade;Tafelschokolade
Lebensmittel - Mahlzeit - Milch- und Kakaogetränke;Kakao und Trinkschokolade
Lebensmittel - Snacks - Gebäck;Gebäck
Lebensmittel - Mahlzeit - Kochen und Backen;Sonstige Lebensmittel
Lebensmittel - Mahlzeit - Rohstoffe;Sonstige Lebensmittel
Lebensmittel - Snacks - Rohstoffe;Chips und Knabbereien
Lebensmittel - Tee - 7% Artikel ohne Skonto;Tee
Lebensmittel - Getränke - Wein, Rum, Guarana (19% Mwst.);Sonstige alkoholische Getränke
Handwerk - Wohnideen - Küche und Bad;Haushalt und Garten
Handwerk - Schmuck - Schmuck aus Naturmaterialien;Schmuck
Handwerk - Fair Fashion - Sonstiges Outdoor;Sonstige Kleidung
Handwerk - Fair Fashion - Silberschmuck;Schmuck
Handwerk - Schmuck - Fundgrube Modeschmuck;Schmuck
Handwerk - Tisch und Küche - Kochbücher;Bücher
Handwerk - Papeterie - Bücher;Bücher
Handwerk - Geschenkartikel - EL PUENTE Medien und Kalender;Kalender
Handwerk - Musik und Instrumente - Compact Disks;CDs
Lebensmittel - Mahlzeit - Essig & Öl;Essig und Öl
Handwerk - Schmuck - Modeschmuck;Schmuck
Handwerk - Für Körper und Seele - Klänge für die Seele;Musikinstrumente
Lebensmittel - Tee - Grüner Tee;Grüner Tee
Handwerk - Wohnideen - Sonstiges Wohnideen;Sonstiges Kunsthandwerk
Handwerk - Verpackung - Artikel ohne Skonto;Ergänzungsprodukte
Lebensmittel - Getränke - Säfte (19% Mwst.);Sonstige Getränke
Lebensmittel - Snacks - Chips;Chips und Knabbereien
Handwerk - Musik und Instrumente - Trommeln;Musikinstrumente
Handwerk - Alles für Kiddies - Accessoires für Kinder;Sonstiges Kunsthandwerk
Handwerk - Alles für Kiddies - Kinderspielzeug;Spielzeug
Handwerk - Für Körper und Seele - Deko-Puppen;Dekoartikel
Lebensmittel - Mahlzeit - Brotaufstrich;Brotaufstriche
Lebensmittel - Snacks - Bonbons;Bonbons
Handwerk - Wellness-Artikel - Entspannung;Kosmetik, Bad und Wellness
Handwerk - Wohnideen - Dosen und Zierteller;Dekoartikel
Handwerk - Tisch und Küche - Schneidebretter;Küchenutensilien
Handwerk - Tisch und Küche - Besteck;Küchenutensilien
Handwerk - Schmuck - Silberschmuck;Schmuck
Handwerk - Musik und Instrumente - Percussion;Musikinstrumente
Handwerk - Schmuck - Schmuckaufbewahrung;Schmuck
Handwerk - Wohnideen - Masken und Menschenfiguren;Dekoartikel
Handwerk - Für Körper und Seele - Sonstiges für Körper und Seele;Dekoartikel
Handwerk - Wohnideen - Heimtextilien;Textilwaren
Handwerk - Für Körper und Seele - Räucherstäbchen und Zubehör;Kerzen und Räucherwerk
Lebensmittel - Tee - Schwarzer Tee und weißer Tee;Schwarzer Tee
Handwerk - Draußen vor der Tür - Fussmatten;Fußmatten und Teppiche
Handwerk - Papeterie - Utensilien;Stifte, Mäppchen und Zubehör
Handwerk - Wellness-Artikel - Körperpflege und -zubehör;Kosmetik, Bad und Wellness
Handwerk - Taschen und Körbe - Artikel aus Ziegenleder;Lederwaren
Handwerk - Tisch und Küche - Küchenhelfer;Küchenutensilien
Handwerk - Wohnideen - Küchenhelfer;Küchenutensilien
Handwerk - Für Körper und Seele - Aromalampen und Duftöle;Kerzen und Räucherwerk
Handwerk - Für Körper und Seele - Kerzen;Kerzen und Räucherwerk
Handwerk - Schmuck - Gold- und vergoldeter Schmuck;Schmuck
Handwerk - Schmuck - Modeschmuck mit Schmucksteinen;Schmuck
Handwerk - Wohnideen - Tierfiguren;Dekoartikel
Handwerk - Wohnideen - Krippen;KHW Weihnachten
Handwerk - Alles für Kiddies - Spardosen;Lederwaren
Handwerk - Freizeit und Hobby - Geschicklichkeitsspiele;Spielzeug
Handwerk - Freizeit und Hobby - Brettspiele;Spielzeug
Handwerk - Papeterie - Accessoires für Kinder;Notizbücher und Fotoalben
Handwerk - Papeterie - Sonstige Papeterie;Dekoartikel
Handwerk - Taschen und Körbe - Taschen aus Kunststoff etc.;Taschen
Handwerk - Tisch und Küche - Wäschepflege;Haushalt und Garten
Handwerk - Schmuck - Holzschmuck;Schmuck
Handwerk - Bionatyr Naturkosmetik - Bionatyr Naturkosmetik;Kosmetik, Bad und Wellness
Handwerk - Draußen vor der Tür - Sonstiges Outdoor;Sonstiges Kunsthandwerk
Handwerk - Draußen vor der Tür - Gartenkeramik und -Dekoration;Dekoartikel
Handwerk - Draußen vor der Tür - Tierfiguren;Dekoartikel
Handwerk - Für Körper und Seele - Gutes für den Körper;Kosmetik, Bad und Wellness
Handwerk - Tisch und Küche - Artikel ohne Skonto;Geschirr und Glaswaren
Handwerk - Fair Fashion - Mode für Sie;Kleidung Erwachsene
Handwerk - Wellness-Artikel - Tücher und Schals;Textile Accessoires
Handwerk - Wohnideen - Artikel ohne Skonto;Ergänzungsprodukte
Handwerk - Taschen und Körbe - Tachen aus Wolle;Taschen
Handwerk - Taschen und Körbe - Badezimmerzubehör;Taschen
Lebensmittel - Tee - Früchtetee;Kräuter- und Früchtetee
Handwerk - Fair Fashion - Hüte;Sonstige Kleidung
Handwerk - Wohnideen - Deko-Autos;Dekoartikel
Lebensmittel - Mahlzeit - Honig;Honig
Handwerk - Wellness-Artikel - Spirituelles,Yoga,Klangschalen;Kosmetik, Bad und Wellness
Handwerk - Fair Fashion - Stricksachen (Accessoires);Textile Accessoires
Handwerk - Wellness-Artikel - Räucherstäbchen und Zubehör;Kerzen und Räucherwerk
Handwerk - Alles für Kiddies - Fingerpuppen;Spielzeug
Handwerk - Schmuck - Bronzeschmuck;Schmuck
Handwerk - Wohnideen - Baumschmuck;KHW Weihnachten
Handwerk - Wohnideen - Dekoration;Dekoartikel
Handwerk - Tierbedarf - Tierbehausung;Haushalt und Garten
Handwerk - Freizeit und Hobby - Bälle;Spielzeug
Lebensmittel - Snacks - Zucker;Bonbons
Lebensmittel - Snacks - Fruchtgummis;Fruchtgummi
Lebensmittel - Snacks - 7% Artikel ohne Skonto;Fruchtgummi
Lebensmittel - Mahlzeit - Tapenaden, Dipps, Saucen, Senf;Soßen und Würzpasten
Handwerk - Wellness-Artikel - Rohstoffe;Kosmetik, Bad und Wellness
Lebensmittel - Tee - Rotbuschtee;Rotbuschtee
Handwerk - Verpackung - Versandkartons;Ergänzungsprodukte
Handwerk - Schmuck - Haarschmuck;Schmuck
Handwerk - Papeterie - Taschen aus BW oder Jute;Taschen
Handwerk - Schmuck - Halsketten und Anhänger;Schmuck
Handwerk - Bionatyr Naturkosmetik - Bionatyr für Sie;Kosmetik, Bad und Wellness
